Lines;start_station;destination;;;;;;;
1;Xinzhuang;Waihuanlu;;;;1 = xinzhuang;;;
1;Waihuanlu;Lianhua Road;;;;2= waihuanlu;;;
1;Lianhua Road;Jinjiang Park;;;;3=Lianhua Road;;;
1;Jinjiang Park;Shanghai South Railway Station;;;;5=Shanghai South Railway Station;;;
1;Shanghai South Railway Station;Caobao Road;;;;7=Shanghai Indoor Stadium;;;
1;Caobao Road;Shanghai Indoor Stadium;;;;8=Xujiahui;;;
1;Shanghai Indoor Stadium;Xujiahui;;;;9=Hengshan Road;;;
1;Xujiahui;Hengshan Road;;;;10=Changshu Road;;;
1;Hengshan Road;ÊChangshu Road;;;;11=South Shaanxi Road;;;
1;Changshu Road;South Shaanxi Road;;;;12=Site of First CPC National Congress - South Huangpi Road;;;
1;South Shaanxi Road;Site of the First CPC National Congress - South Huangpi Road;;;;13= People's Square;;;
1;Site of the First CPC National Congress - South Huangpi Road;People's Square;;;;14=Xinzha Road;;;
1;People's Square;Xinzha Road;;;;15=Hanzhong Road;;;
1;Xinzha Road;Hanzhong Road;;;;16=Shanghai Railway Station;;;
1;Hanzhong Road;Shanghai Railway Station;;;;17=North Zongshan Road;;;
1;Shanghai Railway Station;North Zhongshan Road;;;;18=Yanchang Road;;;
1;North Zhongshan Road;Yanchang Road;;;;19=Shanghai Circus World;;;
1;Yanchang Road;Shanghai Circus World;;;;20=Wenshui Road;;;
1;Shanghai Circus World;Wenshui Road;;;;21=Pengpu Xincun;;;
1;Wenshui Road;Pengpu Xincun;;;;22=Gongkang Road;;;
1;Pengpu Xincun;Gongkang Road;;;;23=Tonghe Xincun;;;
1;Gongkang Road;Tonghe Xincun;;;;24=Hulan Road;;;
1;Tonghe Xincun;Hulan Road;;;;25=Gongfu Xincun;;;
1;Hulan Road;Gongfu Xincun;;;;26=Bao'an Highway;;;
1;Gongfu Xincun;Bao'an Highway;;;;27=West Youyi Road;;;
1;Bao'an Highway;West Youyi Road;;;;28=Fujin Road;;;
1;West Youyi Road;Fujin Road;;;;29=Hongqiao Railway Station;;;
2;East Xujing;Hongqiao Railway Station;;;;30=Hongqiao Airport Terminal 2;;;
2;Hongqiao Railway Station;Hongqiao Airport Terminal 2;;;;31=Songhong Road;;;
2;Hongqiao Airport Terminal 2;Songhong Road;;;;32=Beixinjing;;;
2;Songhong Road;Beixinjing;;;;33=Loushanguan Road;;;
2;Beixinjing;Weining Road;;;;34=Zhongshan Park;;;
2;Weining Road;Loushanguan Road;;;;35=Jiangsu Road;;;
2;Loushanguan Road;Zhongshan Park;;;;36=Jing'an Temple;;;
2;Zhongshan Park;Jiangsu Road;;;;37=West Nanjing Road;;;
2;Jiangsu Road;Jing'an Temple;;;;38=People's Square;;;
2;Jing'an Temple;West Nanjing Road;;;;39=East Nanjing Road;;;
2;West Nanjing Road;People's Square;;;;40=Lujiazui;;;
2;People's Square;East Nanjing Road;;;;41=Dongchang Road;;;
2;East Nanjing Road;Lujiazui;;;;42=Century Avenue;;;
2;Lujiazui;Dongchang Road;;;;43=Shanghai Science and Technology Museum;;;
2;Dongchang Road;Century Avenue;;;;44=Century Park;;;
2;Century Avenue;Shanghai Science and Technology Museum;;;;45=Longyang Road;;;
2;Shanghai Science and Technology Museum;Century Park;;;;46=Zhangjiang Hi-Tech Park;;;
2;Century Park;Longyang Road;;;;47=Jinke Road;;;
2;Longyang Road;Zhangjiang Hi-Tech Park;;;;48=Guanglan Road;;;
2;Zhangjiang Hi-Tech Park;Jinke Road;;;;49=Tangzhen;;;
2;Jinke Road;Guanglan Road;;;;50=Middle Chuangxin Road;;;
2;Guanglan Road;Tangzhen;;;;51=East Huaxia Road;;;
2;Tangzhen;Middle Chuangxin Road;;;;52=Chuansha;;;
2;Middle Chuangxin Road;East Huaxia Road;;;;53=Lingkong Road;;;
2;East Huaxia Road;Chuansha;;;;54=Yuandong Avenue;;;
2;Chuansha;Lingkong Road;;;;55=Haitiansan Road;;;
2;Lingkong Road;Yuandong Avenue;;;;56=Pudong International Airport;;;
2;Yuandong Avenue;Haitiansan Road;;;;57=Shilong Road;;;
2;Haitiansan Road;Pudong International Airport;;;;58=Longcao Road;;;
3;Shanghai South Railway Station;Shilong Road;;;;59=Caoxi Road;;;
3;Shilong Road;Longcao Road;;;;60=Yishan Road;;;
3;Longcao Road;Caoxi Road;;;;61=Hongqiao Road;;;
3;Caoxi Road;Yishan Road;;;;62=West Yan'an Road;;;
3;Yishan Road;Hongqiao Road;;;;63=Zhongshan Park;;;
3;Hongqiao Road;West Yan'an Road;;;;64=Jinshajiang Road;;;
3;West Yan'an Road;Zhongshan Park;;;;65=Caoyang Road;;;
3;Zhongshan Park;Jinshajiang Road;;;;66=Zhenping Road;;;
3;Jinshajiang Road;Caoyang Road;;;;67=Zhongtan Road;;;
3;Caoyang Road;Zhenping Road;;;;68=Shanghai Railway Station;;;
3;Zhenping Road;Zhongtan Road;;;;69=Baoshan Road;;;
3;Zhongtan Road;Shanghai Railway Station;;;;70=Dongbaoxing Road;;;
3;Shanghai Railway Station;Baoshan Road;;;;71=Hongkou Football Stadium;;;
3;Baoshan Road;Dongbaoxing Road;;;;72=Chifeng Road;;;
3;Dongbaoxing Road;Hongkou Football Stadium;;;;73=Dabaishu;;;
3;Hongkou Football Stadium;Chifeng Road;;;;74=Jiangwan Town;;;
3;Chifeng Road;Dabaishu;;;;75=West Yingao Road;;;
3;Dabaishu;Jiangwan Town;;;;76=South Changjiang Road;;;
3;Jiangwan Town;West Yingao Road;;;;77=Songfa Road;;;
3;West Yingao Road;South Changjiang Road;;;;78=Zhanghuabang;;;
3;South Changjiang Road;Songfa Road;;;;79=Songbin Road;;;
3;Songfa Road;Zhanghuabang;;;;80=Shuichan Road;;;
3;Zhanghuabang;Songbin Road;;;;81=Baoyang Road;;;
3;Songbin Road;Shuichan Road;;;;82=Youyi Road;;;
3;Shuichan Road;Baoyang Road;;;;83=Tieli Road;;;
3;Baoyang Road;Youyi Road;;;;84=North Jiangyang Road;;;
3;Youyi Road;Tieli Road;;;;85=Hongqiao Road;;;
3;Tieli Road;North Jiangyang Road;;;;86=West Yan'an Road;;;
4;Yishan Road;Hongqiao Road;;;;87=Zhongshan Park;;;
4;Hongqiao Road;West Yan'an Road;;;;88=Jinshajiang Road;;;
4;West Yan'an Road;Zhongshan Park;;;;89=Caoyang Road;;;
4;Zhongshan Park;Jinshajiang Road;;;;90=Zhenping Road;;;
4;Jinshajiang Road;Caoyang Road;;;;91=Zhongtan Road;;;
4;Caoyang Road;Zhenping Road;;;;92=Shanghai Railway Station;;;
4;Zhenping Road;Zhongtan Road;;;;93=Baoshan Road;;;
4;Zhongtan Road;Shanghai Railway Station;;;;94=Hailun Road;;;
4;Shanghai Railway Station;Baoshan Road;;;;95=Linping Road;;;
4;Baoshan Road;Hailun Road;;;;96=Dalian Road;;;
4;Hailun Road;Linping Road;;;;97=Yangshupu Road;;;
4;Linping Road;Dalian Road;;;;98=Pudong Avenue;;;
4;Dalian Road;Yangshupu Road;;;;99=Century Avenue;;;
4;Yangshupu Road;Pudong Avenue;;;;100=Pudian Road;;;
4;Pudong Avenue;Century Avenue;;;;101=Lancun Road;;;
4;Century Avenue;Pudian Road;;;;102=Tangqiao;;;
4;Pudian Road;Lancun Road;;;;103=Nanpu Bridge;;;
4;Lancun Road;Tangqiao;;;;104=South Xizang Road;;;
4;Tangqiao;Nanpu Bridge;;;;105=Luban Road;;;
4;Nanpu Bridge;South Xizang Road;;;;106=Damuqiao Road;;;
4;South Xizang Road;Luban Road;;;;107=Dong'an Road;;;
4;Luban Road;Damuqiao Road;;;;108=Shanghai Stadium;;;
4;Damuqiao Road;Dong'an Road;;;;109=Shanghai Indoor Stadium;;;
4;Dong'an Road;Shanghai Stadium;;;;110=Yishan Road;;;
4;Shanghai Stadium;Shanghai Indoor Stadium;;;;111=Chunshen Road;;;
4;Shanghai Indoor Stadium;Yishan Road;;;;112=Yindu Road;;;
5;Xinzhuang;Chunshen Road;;;;113=Zhuanqiao;;;
5;Chunshen Road;Yindu Road;;;;114=Beiqiao;;;
5;Yindu Road;Zhuanqiao;;;;115=Jianchuan Road;;;
5;Zhuanqiao;Beiqiao;;;;116=Dongchuan Road;;;
5;Beiqiao;Jianchuan Road;;;;117=Jiangchuan Road;;;
5;Jianchuan Road;Dongchuan Road;;;;118=Xidu;;;
5;Dongchuan Road;Jiangchuan Road;;;;119=Xiaotang;;;
5;Jiangchuan Road;Xidu;;;;120=Fengpu Avenue;;;
5;Xidu;Xiaotang;;;;121=Huanchengdong Road;;;
5;Xiaotang;Fengpu Avenue;;;;122=Wangyuan Road;;;
5;Fengpu Avenue;Huanchengdong Road;;;;123=Jinhai Lake;;;
5;Huanchengdong Road;Wangyuan Road;;;;124=Fengxian Xincheng;;;
5;Wangyuan Road;Jinhai Lake;;;;125=Jinping Road;;;
5;Jinhai Lake;Fengxian Xincheng;;;;126=Huaning Road;;;
5;Dongchuan Road;Jinping Road;;;;127=Wenjing Road;;;
5;Jinping Road;Huaning Road;;;;128=Minhang Development Zone;;;
5;Huaning Road;Wenjing Road;;;;129=North Waigaoqiao Free Trade Zone;;;
5;Wenjing Road;Minhang Development Zone;;;;130=Hangjin Road;;;
6;Gangcheng Road;North Waigaoqiao Free Trade Zone;;;;131=South Waigaoqiao Free Trade Zone;;;
6;North Waigaoqiao Free Trade Zone;Hangjin Road;;;;132=Zhouhai Road;;;
6;Hangjin Road;South Waigaoqiao Free Trade Zone;;;;133=Wuzhou Avenue;;;
6;South Waigaoqiao Free Trade Zone;Zhouhai Road;;;;134=Dongjing Road;;;
6;Zhouhai Road;Wuzhou Avenue;;;;135=Jufeng Road;;;
6;Wuzhou Avenue;Dongjing Road;;;;136=Wulian Road;;;
6;Dongjing Road;Jufeng Road;;;;137=Boxing Road;;;
6;Jufeng Road;Wulian Road;;;;138=Jinqiao Road;;;
6;Wulian Road;Boxing Road;;;;139=Yunshan Road;;;
6;Boxing Road;Jinqiao Road;;;;140=Deping Road;;;
6;Jinqiao Road;Yunshan Road;;;;141=Beiyangjing Road;;;
6;Yunshan Road;Deping Road;;;;142=Minsheng Road;;;
6;Deping Road;Beiyangjing Road;;;;143=Yuanshen Stadium;;;
6;Beiyangjing Road;Minsheng Road;;;;144=Century Avenue;;;
6;Minsheng Road;Yuanshen Stadium;;;;145=Pudian Road;;;
6;Yuanshen Stadium;Century Avenue;;;;146=Lancun Road;;;
6;Century Avenue;Pudian Road;;;;147=Shanghai Children's Medical Center;;;
6;Pudian Road;Lancun Road;;;;148=Linyi Xincun;;;
6;Lancun Road;Shanghai Children's Medical Center;;;;149=West Gaoke Road;;;
6;Shanghai Children's Medical Center;Linyi Xincun;;;;150=Dongming Road;;;
6;Linyi Xincun;West Gaoke Road;;;;151=Gaoqing Road;;;
6;West Gaoke Road;Dongming Road;;;;152=West Huaxia Road;;;
6;Dongming Road;Gaoqing Road;;;;153=Shangnan Road;;;
6;Gaoqing Road;West Huaxia Road;;;;154=South Lingyan Road;;;
6;West Huaxia Road;Shangnan Road;;;;155=Oriental Sports Center;;;
6;Shangnan Road;South Lingyan Road;;;;;;;
6;South Lingyan Road;Oriental Sports Center;;;;;;;
7;Meilan Lake;Luonan Xincun;;;;;;;
7;Luonan Xincun;Panguang Road;;;;;;;
7;Panguang Road;Liuhang;;;;;;;
7;Liuhang;Gucun Park;;;;;;;
7;Gucun Park;Qihua Road;;;;;;;
7;Qihua Road;Shanghai University;;;;;;;
7;Shanghai University;Nanchen Road;;;;;;;
7;Nanchen Road;Shangda Road;;;;;;;
7;Shangda Road;Changzhong Road;;;;;;;
7;Changzhong Road;Dachang Town;;;;;;;
7;Dachang Town;Xingzhi Road;;;;;;;
7;Xingzhi Road;Dahuasan Road;;;;;;;
7;Dahuasan Road;Xincun Road;;;;;;;
7;Xincun Road;Langao Road;;;;;;;
7;Langao Road;Zhenping Road;;;;;;;
7;Zhenping Road;Changshou Road;;;;;;;
7;Changshou Road;Changping Road;;;;;;;
7;Changping Road;Jing'an Temple;;;;;;;
7;Jing'an Temple;Changshu Road;;;;;;;
7;Changshu Road;Zhaojiabang Road;;;;;;;
7;Zhaojiabang Road;Dong'an Road;;;;;;;
7;Dong'an Road;Middle Longhua Road;;;;;;;
7;Middle Longhua Road;Houtan;;;;;;;
7;Houtan;Changqing Road;;;;;;;
7;Changqing Road;Yaohua Road;;;;;;;
7;Yaohua Road;Yuntai Road;;;;;;;
7;Yuntai Road;West Gaoke Road;;;;;;;
7;West Gaoke Road;South Yanggao Road;;;;;;;
7;South Yanggao Road;Jinxiu Road;;;;;;;
7;Jinxiu Road;Fanghua Road;;;;;;;
7;Fanghua Road;Longyang Road;;;;;;;
7;Longyang Road;Huamu Road;;;;;;;
8;Shiguang Road;Nenjiang Road;;;;;;;
8;Nenjiang Road;Xiangyin Road;;;;;;;
8;Xiangyin Road;Huangxing Park;;;;;;;
8;Huangxing Park;Middle Yanji Road;;;;;;;
8;Middle Yanji Road;Huangxing Road;;;;;;;
8;Huangxing Road;Jiangpu Road;;;;;;;
8;Jiangpu Road;Anshan Xincun;;;;;;;
8;Anshan Xincun;Siping Road;;;;;;;
8;Siping Road;Quyang Road;;;;;;;
8;Quyang Road;Hongkou Football Stadium;;;;;;;
8;Hongkou Football Stadium;North Xizang Road;;;;;;;
8;North Xizang Road;Zhongxing Road;;;;;;;
8;Zhongxing Road;Qufu Road;;;;;;;
8;Qufu Road;People's Square;;;;;;;
8;People's Square;Dashijie;;;;;;;
8;Dashijie;Laoximen;;;;;;;
8;Laoximen;Lujiabang Road;;;;;;;
8;Lujiabang Road;South Xizang Road;;;;;;;
8;South Xizang Road;China Art Museum;;;;;;;
8;China Art Museum;Yaohua Road;;;;;;;
8;Yaohua Road;Chengshan Road;;;;;;;
8;Chengshan Road;Yangsi;;;;;;;
8;Yangsi;Oriental Sports Center;;;;;;;
8;Oriental Sports Center;Lingzhao Xincun;;;;;;;
8;Lingzhao Xincun;Luheng Road;;;;;;;
8;Luheng Road;Pujiang Town;;;;;;;
8;Pujiang Town;Jiangyue Road;;;;;;;
8;Jiangyue Road;Lianhang Road;;;;;;;
8;Lianhang Road;Shendu Highway;;;;;;;
9;Songjiang South Railway Station;Zuibaichi Park;;;;;;;
9;Zuibaichi Park;Songjiang Sports Center;;;;;;;
9;Songjiang Sports Center;Songjiang Xincheng;;;;;;;
9;Songjiang Xincheng;Songjiang University Town;;;;;;;
9;Songjiang University Town;Dongjing;;;;;;;
9;Dongjing;Sheshan;;;;;;;
9;Sheshan;Sijing;;;;;;;
9;Sijing;Jiuting;;;;;;;
9;Jiuting;Zhongchun Road;;;;;;;
9;Zhongchun Road;Qibao;;;;;;;
9;Qibao;Xingzhong Road;;;;;;;
9;Xingzhong Road;Hechuan Road;;;;;;;
9;Hechuan Road;Caohejing Hi-Tech Park;;;;;;;
9;Caohejing Hi-Tech Park;Guilin Road;;;;;;;
9;Guilin Road;Yishan Road;;;;;;;
9;Yishan Road;Xujiahui;;;;;;;
9;Xujiahui;Zhaojiabang Road;;;;;;;
9;Zhaojiabang Road;Jiashan Road;;;;;;;
9;Jiashan Road;Dapuqiao;;;;;;;
9;Dapuqiao;Madang Road;;;;;;;
9;Madang Road;Lujiabang Road;;;;;;;
9;Lujiabang Road;Xiaonanmen;;;;;;;
9;Xiaonanmen;Shangcheng Road;;;;;;;
9;Shangcheng Road;Century Avenue;;;;;;;
9;Century Avenue;Middle Yanggao Road;;;;;;;
9;Middle Yanggao Road;Fangdian Road;;;;;;;
9;Fangdian Road;Lantian Road;;;;;;;
9;Lantian Road;Taierzhuang Road;;;;;;;
9;Taierzhuang Road;Jinqiao;;;;;;;
9;Jinqiao;Jinji Road;;;;;;;
9;Jinji Road;Jinhai Road;;;;;;;
9;Jinhai Road;Gutang Road;;;;;;;
9;Gutang Road;Minlei Road;;;;;;;
9;Minlei Road;Caolu;;;;;;;
10;Hangzhong Road;Ziteng Road;;;;;;;
10;Ziteng Road;Longbai Xincun;;;;;;;
10;Longbai Xincun;Longxi Road;;;;;;;
10;Hongqiao Railway Station;Hongqiao Airport Terminal 2;;;;;;;
10;Hongqiao Airport Terminal 2;Hongqiao Airport Terminal 1;;;;;;;
10;Hongqiao Airport Terminal 1;Shanghai Zoo;;;;;;;
10;Shanghai Zoo;Longxi Road;;;;;;;
10;Longxi Road;Shuicheng Road;;;;;;;
10;Shuicheng Road;Yili Road;;;;;;;
10;Yili Road;Songyuan Road;;;;;;;
10;Songyuan Road;Hongqiao Road;;;;;;;
10;Hongqiao Road;Jiaotong University;;;;;;;
10;Jiaotong University;Shanghai Library;;;;;;;
10;Shanghai Library;South Shaanxi Road;;;;;;;
10;South Shaanxi Road;Site of the First CPC National Congress á Xintiandi;;;;;;;
10;Site of the First CPC National Congress á Xintiandi;Laoximen;;;;;;;
10;Laoximen;Yuyuan Garden;;;;;;;
10;Yuyuan Garden;East Nanjing Road;;;;;;;
10;East Nanjing Road;Tiantong Road;;;;;;;
10;Tiantong Road;North Sichuan Road;;;;;;;
10;North Sichuan Road;Hailun Road;;;;;;;
10;Hailun Road;Youdian Xincun;;;;;;;
10;Youdian Xincun;Siping Road;;;;;;;
10;Siping Road;Tongji University;;;;;;;
10;Tongji University;Guoquan Road;;;;;;;
10;Guoquan Road;Wujiaochang;;;;;;;
10;Wujiaochang;Jiangwan Stadium;;;;;;;
10;Jiangwan Stadium;Sanmen Road;;;;;;;
10;Sanmen Road;East Yingao Road;;;;;;;
10;East Yingao Road;Xinjiangwancheng;;;;;;;
10;Xinjiangwancheng;Guofan Road;;;;;;;
10;Guofan Road;Shuangjiang Road;;;;;;;
10;Shuangjiang Road;West Gaoqiao;;;;;;;
10;West Gaoqiao;Gaoqiao;;;;;;;
10;Gaoqiao;Gangcheng Road;;;;;;;
10;Gangcheng Road;Jilong Road;;;;;;;
11;Disney Resort;Kangxin Highway;;;;;;;
11;Kangxin Highway;Xiuyan Road;;;;;;;
11;Xiuyan Road;Luoshan Road;;;;;;;
11;Luoshan Road;Yuqiao;;;;;;;
11;Yuqiao;Pusan Road;;;;;;;
11;Pusan Road;East Sanlin;;;;;;;
11;East Sanlin;Sanlin;;;;;;;
11;Sanlin;Oriental Sports Center;;;;;;;
11;Oriental Sports Center;Longyao Road;;;;;;;
11;Longyao Road;Yunjin Road;;;;;;;
11;Yunjin Road;Longhua;;;;;;;
11;Longhua;Shanghai Swimming Center;;;;;;;
11;Shanghai Swimming Center;Xujiahui;;;;;;;
11;Xujiahui;Jiaotong University;;;;;;;
11;Jiaotong University;Jiangsu Road;;;;;;;
11;Jiangsu Road;Longde Road;;;;;;;
11;Longde Road;Caoyang Road;;;;;;;
11;Caoyang Road;Fengqiao Road;;;;;;;
11;Fengqiao Road;Zhenru;;;;;;;
11;Zhenru;Shanghai West Railway Station;;;;;;;
11;Shanghai West Railway Station;Liziyuan;;;;;;;
11;Liziyuan;Qilianshan Road;;;;;;;
11;Qilianshan Road;Wuwei Road;;;;;;;
11;Wuwei Road;Taopu Xincun;;;;;;;
11;Taopu Xincun;Nanxiang;;;;;;;
11;Nanxiang;Chenxiang Highway;;;;;;;
11;Chenxiang Highway;Malu;;;;;;;
11;Malu;Jiading Xincheng;;;;;;;
11;Jiading Xincheng;Baiyin Road;;;;;;;
11;Baiyin Road;West Jiading;;;;;;;
11;West Jiading;North Jiading;;;;;;;
11;Jiading Xincheng;Shanghai Circus ;;;;;;;
11;Shanghai Circus ;East Changji Road;;;;;;;
11;East Changji Road;Shanghai Automobile City;;;;;;;
11;Shanghai Automobile City;Anting;;;;;;;
11;Anting;Zhaofeng Road;;;;;;;
11;Zhaofeng Road;Guangming Road;;;;;;;
11;Guangming Road;Huaqiao;;;;;;;
12;Jinhai Road;Shenjiang Road;;;;;;;
12;Shenjiang Road;Jinjing Road;;;;;;;
12;Jinjing Road;North Yanggao Road;;;;;;;
12;North Yanggao Road;Jufeng Road;;;;;;;
12;Jufeng Road;Donglu Road;;;;;;;
12;Donglu Road;Fuxing Island;;;;;;;
12;Fuxing Island;Aiguo Road;;;;;;;
12;Aiguo Road;Longchang Road;;;;;;;
12;Longchang Road;Ningguo Road;;;;;;;
12;Ningguo Road;Jiangpu Park;;;;;;;
12;Jiangpu Park;Dalian Road;;;;;;;
12;Dalian Road;Tilanqiao;;;;;;;
12;Tilanqiao;International Cruise Terminal;;;;;;;
12;International Cruise Terminal;Tiantong Road;;;;;;;
12;Tiantong Road;Qufu Road;;;;;;;
12;Qufu Road;Hanzhong Road;;;;;;;
12;Hanzhong Road;West Nanjing Road;;;;;;;
12;West Nanjing Road;South Shaanxi Road;;;;;;;
12;South Shaanxi Road;Jiashan Road;;;;;;;
12;Jiashan Road;Damuqiao Road;;;;;;;
12;Damuqiao Road;Middle Longhua Road;;;;;;;
12;Middle Longhua Road;Longhua;;;;;;;
12;Longhua;Longcao Road;;;;;;;
12;Longcao Road;Caobao Road;;;;;;;
12;Caobao Road;Guilin Park;;;;;;;
12;Guilin Park;Hongcao Road;;;;;;;
12;Hongcao Road;Hongmei Road;;;;;;;
12;Hongmei Road;Donglan Road;;;;;;;
12;Donglan Road;Gudai Road;;;;;;;
12;Gudai Road;Hongxin Road;;;;;;;
12;Hongxin Road;Qixin Road;;;;;;;
13;Jinyun Road;West Jinshajiang Road;;;;;;;
13;West Jinshajiang Road;Fengzhuang;;;;;;;
13;Fengzhuang;South Qilianshan Road;;;;;;;
13;South Qilianshan Road;Zhenbei Road;;;;;;;
13;Zhenbei Road;Daduhe Road;;;;;;;
13;Daduhe Road;Jinshajiang Road;;;;;;;
13;Jinshajiang Road;Longde Road;;;;;;;
13;Longde Road;Wuning Road;;;;;;;
13;Wuning Road;Changshou Road;;;;;;;
13;Changshou Road;Jiangning Road;;;;;;;
13;Jiangning Road;Hanzhong Road;;;;;;;
13;Hanzhong Road;Shanghai Natural History Museum;;;;;;;
13;Shanghai Natural History Museum;West Nanjing Road;;;;;;;
13;West Nanjing Road;Middle Huaihai Road;;;;;;;
13;Middle Huaihai Road;Site of the First CPC National Congress á Xintiandi;;;;;;;
13;Site of the First CPC National Congress á Xintiandi;Madang Road;;;;;;;
13;Madang Road;World Expo Museum;;;;;;;
13;World Expo Museum;Shibo Avenue;;;;;;;
13;Shibo Avenue;Changqing Road;;;;;;;
13;Changqing Road;Chengshan Road;;;;;;;
13;Chengshan Road;Dongming Road;;;;;;;
13;Dongming Road;Huapeng Road;;;;;;;
13;Huapeng Road;Xianan Road;;;;;;;
13;Xianan Road;Beicai;;;;;;;
13;Beicai;Chenchun Road;;;;;;;
13;Chenchun Road;Lianxi Road;;;;;;;
13;Lianxi Road;Middle Huaxia Road;;;;;;;
13;Middle Huaxia Road;Zhongke Road;;;;;;;
13;Zhongke Road;Xuelin Road;;;;;;;
13;Xuelin Road;Zhangjiang Road;;;;;;;
14;Fengbang;Lexiu Road;;;;;;;
14;Lexiu Road;Lintao Road;;;;;;;
14;Lintao Road;Jiayi Road;;;;;;;
14;Jiayi Road;Dingbian Road;;;;;;;
14;Dingbian Road;Zhenxin Xincun;;;;;;;
14;Zhenxin Xincun;Zhenguang Road;;;;;;;
14;Zhenguang Road;Tongchuan Road;;;;;;;
14;Tongchuan Road;Zhenru;;;;;;;
14;Zhenru;Zhongning Road;;;;;;;
14;Zhongning Road;Caoyang Road;;;;;;;
14;Caoyang Road;Wuning Road;;;;;;;
14;Wuning Road;Wuding Road;;;;;;;
14;Wuding Road;Jing'an Temple;;;;;;;
14;Jing'an Temple;Site of the First CPC National Congress á South Huangpi Road;;;;;;;
14;Site of the First CPC National Congress á South Huangpi Road;Dashijie;;;;;;;
14;Dashijie;Yuyuan Garden;;;;;;;
14;Yuyuan Garden;Lujiazui;;;;;;;
14;Lujiazui;South Pudong Road;;;;;;;
14;South Pudong Road;Pudong Avenue;;;;;;;
14;Pudong Avenue;Yuanshen Road;;;;;;;
14;Yuanshen Road;Changyi Road;;;;;;;
14;Changyi Road;Xiepu Road;;;;;;;
14;Xiepu Road;Yunshan Road;;;;;;;
14;Yunshan Road;Lantian Road;;;;;;;
14;Lantian Road;Huangyang Road;;;;;;;
14;Huangyang Road;Yunshun Road;;;;;;;
14;Yunshun Road;Pudong Football Stadium;;;;;;;
14;Pudong Football Stadium;Jinyue Road;;;;;;;
14;Jinyue Road;Guiqiao Road;;;;;;;
15;Gucun Park;Jinqiu Road;;;;;;;
15;Jinqiu Road;Fengxiang Road;;;;;;;
15;Fengxiang Road;Nanda Road;;;;;;;
15;Nanda Road;Qi'an Road;;;;;;;
15;Qi'an Road;Gulang Road;;;;;;;
15;Gulang Road;East Wuwei Road;;;;;;;
15;East Wuwei Road;Shanghai West Railway Station;;;;;;;
15;Shanghai West Railway Station;Tongchuan Road;;;;;;;
15;Tongchuan Road;North Meiling Road;;;;;;;
15;North Meiling Road;Daduhe Road;;;;;;;
15;Daduhe Road;Changfeng Park;;;;;;;
15;Changfeng Park;Loushanguan Road;;;;;;;
15;Loushanguan Road;Hongbaoshi Road;;;;;;;
15;Hongbaoshi Road;Yaohong Road;;;;;;;
15;Yaohong Road;Wuzhong Road;;;;;;;
15;Wuzhong Road;Guilin Road;;;;;;;
15;Guilin Road;Guilin Park;;;;;;;
15;Guilin Park;Shanghai South Railway Station;;;;;;;
15;Shanghai South Railway Station;East China University of Science and Technology;;;;;;;
15;East China University of Science and Technology;Luoxiu Road;;;;;;;
15;Luoxiu Road;Zhumei Road;;;;;;;
15;Zhumei Road;West Huajing;;;;;;;
15;West Huajing;South Hongmei Road;;;;;;;
15;South Hongmei Road;Jingxi Road;;;;;;;
15;Jingxi Road;Shujian Road;;;;;;;
15;Shujian Road;Shuangbai Road;;;;;;;
15;Shuangbai Road;Yuanjiang Road;;;;;;;
15;Yuanjiang Road;Yongde Road;;;;;;;
15;Yongde Road;Zizhu Hi-tech Park;;;;;;;
16;Longyang Road;Middle Huaxia Road;;;;;;;
16;Middle Huaxia Road;Luoshan Road;;;;;;;
16;Luoshan Road;East Zhoupu;;;;;;;
16;East Zhoupu;Heshahangcheng;;;;;;;
16;Heshahangcheng;East Hangtou;;;;;;;
16;East Hangtou;Xinchang;;;;;;;
16;Xinchang;Wild Animal Park;;;;;;;
16;Wild Animal Park;Huinan;;;;;;;
16;Huinan;East Huinan;;;;;;;
16;East Huinan;Shuyuan;;;;;;;
16;Shuyuan;Lingang Avenue;;;;;;;
16;Lingang Avenue;Dishui Lake;;;;;;;
17;Hongqiao Railway Station;Zhuguang Road;;;;;;;
17;Zhuguang Road;Panlong Road;;;;;;;
17;Panlong Road;Xuying Road;;;;;;;
17;Xuying Road;Xujingbeicheng;;;;;;;
17;Xujingbeicheng;Middle Jiasong Road;;;;;;;
17;Middle Jiasong Road;Zhaoxiang;;;;;;;
17;Zhaoxiang;Huijin Road;;;;;;;
17;Huijin Road;Qingpu Xincheng;;;;;;;
17;Qingpu Xincheng;Caoying Road;;;;;;;
17;Caoying Road;Dianshanhu Avenue;;;;;;;
17;Dianshanhu Avenue;Zhujiajiao;;;;;;;
17;Zhujiajiao;Oriental Land;;;;;;;
18;South Changjiang Road;Yingao Road;;;;;;;
18;Yingao Road;Shanghai University of Finance and Economics;;;;;;;
18;Shanghai University of Finance and Economics;Fudan University;;;;;;;
18;Fudan University;Guoquan Road;;;;;;;
18;Guoquan Road;Fushun Road;;;;;;;
18;Fushun Road;Jiangpu Road;;;;;;;
18;Jiangpu Road;Jiangpu Park;;;;;;;
18;Jiangpu Park;Pingliang Road;;;;;;;
18;Pingliang Road;Danyang Road;;;;;;;
18;Danyang Road;Changyi Road;;;;;;;
18;Changyi Road;Minsheng Road;;;;;;;
18;Minsheng Road;Middle Yanggao Road;;;;;;;
18;Middle Yanggao Road;Yingchun Road;;;;;;;
18;Yingchun Road;Longyang Road;;;;;;;
18;Longyang Road;Fangxin Road;;;;;;;
18;Fangxin Road;Beizhong Road;;;;;;;
18;Beizhong Road;Lianxi Road;;;;;;;
18;Lianxi Road;Yuqiao;;;;;;;
18;Yuqiao;Kangqiao;;;;;;;
18;Kangqiao;Zhoupu;;;;;;;
18;Zhoupu;Fanrong Road;;;;;;;
18;Fanrong Road;Shenmei Road;;;;;;;
18;Shenmei Road;Hetao Road;;;;;;;
18;Hetao Road;Xiasha;;;;;;;
18;Xiasha;Hangtou;;;;;;;
19;Shendu Highway;Sanlu Highway;;;;;;;
19;Sanlu Highway;Minrui Road;;;;;;;
19;Minrui Road;Puhang Road;;;;;;;
19;Puhang Road;Dongchengyi Road;;;;;;;
19;Dongchengyi Road;Huizhen Road;;;;;;;